sample,date,well1,well2,well3
hS100A9,2019-12-19,1.1294463368695309,1.192118665530637,0.93122082273151
hS100A9,2019-12-18,0.9847867842821276,1.2001717158084633,0.8557564574928769
hS100A9,2019-12-17,1.7882166770912695,1.0905509253957306,1.2163207941762406
hS100A9,2019-12-14,0.8652195960083766,1.0474693533489312,0.9928282131334014
hS100A9,2019-12-13,0.9009598589124496,0.8554152254989852,0.8678488640946553
hS100A9,2019-12-12,1.2645458307958022,1.14021008201171,1.0996671629689612
hS100A9,2019-09-16,1.7240859150905306,1.3444013568308348,1.076634478916478
hS100A9,2019-09-15,1.2616942339984552,1.2023403380474649,1.4746483278563
hS100A9,2019-09-14,1.281695830343097,0.9895347671397046,1.1397957184696104
hS100A9,2019-01-21,1.89694490931252,1.5086464996093345,1.925388484469324
hS100A9,2019-02-20,2.445256949057502,2.6514161978247994,1.922532746667268
hS100A9,2019-02-20,2.3318754110758584,2.126931347843716,1.5770013095782347
hS100A9,2019-01-17,1.8856426741272037,2.278352043466613,2.039545817734857
hS100A9,2019-01-24,1.5545420411638498,1.6221114963920036,1.1866133654012228
hS100A9,2019-01-28,2.791615862245476,2.510686507775009,2.425278388816421
hS100A9,2019-01-30,2.904203832440655,2.598716793596264,2.575374669438669
hS100A9/F37L,2019-12-19,0.9770265856701316,1.1907173020805584,0.9324706223221564
hS100A9/F37L,2019-12-18,0.7603414632466373,0.815626975908467,0.7048989171140823
hS100A9/F37L,2019-12-17,1.1164963111539206,0.8264912105051884,0.94732019045089
hS100A9/F37L,2019-12-14,1.725544009407561,1.5680759080131497,1.6973433328216585
hS100A9/F37L,2019-12-13,1.6824549197163792,1.2411489349556963,1.9375255371050049
hS100A9/F37L,2019-12-12,2.1164520809351504,2.5974896650909325,1.7746109517432154
hS100A9/F37L/M63F,2019-12-19,0.9395044646611816,0.7538014484321613,0.7963902926997259
hS100A9/F37L/M63F,2019-12-18,0.8341422328262869,0.7342751026249247,0.8807769177859047
hS100A9/F37L/M63F,2019-12-17,1.0335768472148783,1.1637124598785,1.211424439873586
hS100A9/F37L/M63F,2019-12-14,2.1190260631741946,1.652195875765638,1.2996000747252796
hS100A9/F37L/M63F,2019-12-13,1.6277616566158637,1.473831090116471,1.4013207799843246
hS100A9/F37L/M63F,2019-12-12,1.621491455930085,1.3502595118468192,1.3102337543331857
hS100A9/F37L/M63F,2019-12-12,2.48863985243492,2.5869308306571037,2.649467544244556
hS100A9/F37L/M63F,2019-09-16,1.5486395178864676,1.5693581387138833,1.608220200476076
hS100A9/F37L/M63F,2019-09-15,1.707385937788655,1.543924764792285,1.2993766620950984
hS100A9/F37L/M63F,2019-09-14,1.401791170663831,1.3649681622736114,1.4529101111493117
hS100A9/M63F,2019-01-21,0.195582000728981,0.129718033585515,0.1789828345844511
hS100A9/M63F,2019-01-28,0.5904728279104943,0.290413279164753,0.2695320918069293
hS100A9/M63F,2019-01-30,0.6172747851061223,0.4190007704209894,0.3445421907030729
hS100A9/M63F,2019-01-17,0.7366841748597295,0.6263599457810572,0.6950017568860957
hS100A9/M63F,2019-01-24,0.1635803908451772,0.1400940164896903,0.1044748532507306
hS100A9/M63F,2019-01-28,0.3654640244529687,0.2993554183152879,0.2232310369537697
hS100A9/M63F,2019-01-30,0.5178595598182706,0.2952521520084973,0.0981448604502916
